1,Product-1,295,01-08-2018,Japan
2,Product-2,193,02-08-2018,Japan
3,Product-3,31,03-08-2018,Japan
4,Product-4,83,04-08-2018,Japan
5,Product-5,86,05-08-2018,Japan
6,Product-6,92,06-08-2018,Australia
7,Product-7,255,07-08-2018,Australia
8,Product-8,89,08-08-2018,Australia
9,Product-9,158,09-08-2018,Australia
10,Product-10,137,10-08-2018,Australia
11,Product-11,86,11-08-2018,India
12,Product-12,166,12-08-2018,India
13,Product-13,275,13-08-2018,India
14,Product-14,67,14-08-2018,India
15,Product-15,220,15-08-2018,India
16,Product-16,257,16-08-2018,USA
17,Product-17,200,17-08-2018,USA
18,Product-18,257,18-08-2018,USA
19,Product-19,87,19-08-2018,USA
20,Product-20,189,20-08-2018,USA